motif_id	position	A	C	G	T
FOS	1	0.7	0.1	0.1	0.1
FOS	2	0.133333	0.133333	0.133333	0.6
FOS	3	0.116667	0.116667	0.65	0.116667
FOS	4	0.55	0.15	0.15	0.15
LEF1	1	0.116667	0.65	0.116667	0.116667
LEF1	2	0.1	0.1	0.1	0.7
LEF1	3	0.133333	0.133333	0.133333	0.6
LEF1	4	0.15	0.15	0.55	0.15
